,country__name,location,n,name
0,United Kingdom,SRID=4326;POINT (-0.12574 51.50853),117,London
1,United States,SRID=4326;POINT (-74.00597 40.71427),102,New York City
2,China,SRID=4326;POINT (116.39723 39.9075),102,Beijing
3,Sweden,SRID=4326;POINT (18.0649 59.33258),73,Stockholm
4,China,SRID=4326;POINT (121.45806 31.22222),43,Shanghai
5,Australia,SRID=4326;POINT (151.20732 -33.86785),41,Sydney
6,Canada,SRID=4326;POINT (-79.41630000000001 43.70011),39,Toronto
7,Chile,SRID=4326;POINT (-70.64827 -33.45694),38,Santiago
8,Australia,SRID=4326;POINT (144.96332 -37.814),38,Melbourne
9,United States,SRID=4326;POINT (-122.67621 45.52345),36,Portland
10,United States,SRID=4326;POINT (-118.24368 34.05223),36,Los Angeles
11,Spain,SRID=4326;POINT (-3.70256 40.4165),36,Madrid
12,United States,SRID=4326;POINT (-87.65004999999999 41.85003),35,Chicago
13,Mexico,SRID=4326;POINT (-99.12766000000001 19.42847),33,Mexico City
14,United States,SRID=4326;POINT (-77.03637000000001 38.89511),32,"Washington, D.C."
15,United States,SRID=4326;POINT (-89.38455999999999 42.92611),31,Oregon
16,France,SRID=4326;POINT (2.3488 48.85341),30,Paris
17,United States,SRID=4326;POINT (-122.41942 37.77493),29,San Francisco
18,Greece,SRID=4326;POINT (23.71622 37.97945),28,Athens
19,Australia,SRID=4326;POINT (153.02809 -27.46794),26,Brisbane
20,South Korea,SRID=4326;POINT (126.9784 37.566),26,Seoul
21,India,SRID=4326;POINT (77.23148999999999 28.65195),23,Delhi
22,Brazil,SRID=4326;POINT (-49.27306 -25.42778),23,Curitiba
23,Colombia,SRID=4326;POINT (-73.08644 7.06222),22,Floridablanca
24,United States,SRID=4326;POINT (-122.33207 47.60621),22,Seattle
25,United States,SRID=4326;POINT (-117.65089 34.06334),22,Ontario
26,United Kingdom,SRID=4326;POINT (-3.19648 55.95206),21,Edinburgh
27,Spain,SRID=4326;POINT (2.15899 41.38879),20,Barcelona
28,Ireland,SRID=4326;POINT (-6.24889 53.33306),20,Dublin
29,United States,SRID=4326;POINT (-84.38798 33.749),20,Atlanta
30,United States,SRID=4326;POINT (-71.05977 42.35843),20,Boston
31,Australia,SRID=4326;POINT (115.8614 -31.95224),19,Perth
32,China,SRID=4326;POINT (113.25 23.11667),19,Guangzhou
33,Canada,SRID=4326;POINT (-123.11934 49.24966),19,Vancouver
34,United States,SRID=4326;POINT (-97.74306 30.26715),17,Austin
35,New Zealand,SRID=4326;POINT (174.76349 -36.84853),17,Auckland
36,Portugal,SRID=4326;POINT (-9.133330000000001 38.71667),17,Lisbon
37,Finland,SRID=4326;POINT (24.93545 60.16952),17,Helsinki
38,China,SRID=4326;POINT (114.0683 22.54554),16,Shenzhen
39,Thailand,SRID=4326;POINT (100.50144 13.75398),15,Bangkok
40,Austria,SRID=4326;POINT (16.37208 48.20849),15,Vienna
41,South Africa,SRID=4326;POINT (18.42322 -33.92584),14,Cape Town
42,United States,SRID=4326;POINT (-112.07404 33.44838),13,Phoenix
43,United States,SRID=4326;POINT (-75.16379000000001 39.95233),13,Philadelphia
44,Netherlands,SRID=4326;POINT (4.88969 52.37403),13,Amsterdam
45,United States,SRID=4326;POINT (-76.61219 39.29038),12,Baltimore
46,Philippines,SRID=4326;POINT (125.61278 7.07306),12,Davao
47,Brazil,SRID=4326;POINT (-40.33778 -20.31944),12,Vitória
48,Denmark,SRID=4326;POINT (12.56553 55.67594),12,Copenhagen
49,Taiwan,SRID=4326;POINT (121.53185 25.04776),12,Taipei
50,China,SRID=4326;POINT (118.77778 32.06167),12,Nanjing
51,Belgium,SRID=4326;POINT (4.34878 50.85045),12,Brussels
52,South Africa,SRID=4326;POINT (26.86593 -28.10391),11,Virginia
53,Serbia,SRID=4326;POINT (20.46513 44.80401),11,Belgrade
54,Norway,SRID=4326;POINT (10.74609 59.91273),11,Oslo
55,United Kingdom,SRID=4326;POINT (-2.23743 53.48095),11,Manchester
56,China,SRID=4326;POINT (117.17667 39.14222),11,Tianjin
57,Germany,SRID=4326;POINT (13.41053 52.52437),11,Berlin
58,Japan,SRID=4326;POINT (139.69171 35.6895),11,Tokyo
59,Australia,SRID=4326;POINT (138.59863 -34.92866),10,Adelaide
60,United States,SRID=4326;POINT (-83.04575 42.33143),10,Detroit
61,United States,SRID=4326;POINT (-73.94958 40.6501),10,Brooklyn
62,India,SRID=4326;POINT (72.88261 19.07283),10,Mumbai
63,Bangladesh,SRID=4326;POINT (90.40743999999999 23.7104),10,Dhaka
64,South Africa,SRID=4326;POINT (28.04363 -26.20227),10,Johannesburg
65,Italy,SRID=4326;POINT (12.51133 41.89193),10,Rome
66,United States,SRID=4326;POINT (-117.15726 32.71533),10,San Diego
67,Spain,SRID=4326;POINT (-3.60667 37.18817),10,Granada
68,Slovenia,SRID=4326;POINT (14.50513 46.05108),9,Ljubljana
69,India,SRID=4326;POINT (77.59369 12.97194),9,Bengaluru
70,United Kingdom,SRID=4326;POINT (0.11667 52.2),9,Cambridge
71,United Kingdom,SRID=4326;POINT (-3.18 51.48),9,Cardiff
72,United States,SRID=4326;POINT (-73.96625 40.78343),9,Manhattan
73,United States,SRID=4326;POINT (-93.26384 44.97997),9,Minneapolis
74,China,SRID=4326;POINT (120.16142 30.29365),9,Hangzhou
75,China,SRID=4326;POINT (114.26667 30.58333),9,Wuhan
76,China,SRID=4326;POINT (106.55278 29.56278),9,Chongqing
77,Germany,SRID=4326;POINT (11.57549 48.13743),8,Munich
78,France,SRID=4326;POINT (4.84671 45.74846),8,Lyon
79,Japan,SRID=4326;POINT (135.75385 35.02107),8,Kyoto
80,China,SRID=4326;POINT (126.65 45.75),8,Harbin
81,Italy,SRID=4326;POINT (14.26811 40.85216),8,Naples
82,New Zealand,SRID=4326;POINT (175.28333 -37.78333),8,Hamilton
83,Netherlands,SRID=4326;POINT (4.47917 51.9225),8,Rotterdam
84,Malaysia,SRID=4326;POINT (101.68653 3.1412),8,Kuala Lumpur
85,Turkey,SRID=4326;POINT (32.85427 39.91987),8,Ankara
86,United States,SRID=4326;POINT (-104.9847 39.73915),8,Denver
87,United States,SRID=4326;POINT (-96.70032999999999 43.54997),8,Sioux Falls
88,United States,SRID=4326;POINT (-95.36327 29.76328),7,Houston
89,United States,SRID=4326;POINT (-82.99879 39.96118),7,Columbus
90,Indonesia,SRID=4326;POINT (106.84513 -6.21462),7,Jakarta
91,Israel,SRID=4326;POINT (34.78057 32.08088),7,Tel Aviv
92,United States,SRID=4326;POINT (-121.4944 38.58157),7,Sacramento
93,Pakistan,SRID=4326;POINT (74.35071000000001 31.558),7,Lahore
94,India,SRID=4326;POINT (72.58727 23.02579),7,Ahmedabad
95,United Arab Emirates,SRID=4326;POINT (54.36667 24.46667),7,Abu Dhabi
96,Croatia,SRID=4326;POINT (15.97798 45.81444),6,Zagreb
97,United States,SRID=4326;POINT (-80.84313 35.22709),6,Charlotte
98,Egypt,SRID=4326;POINT (31.24967 30.06263),6,Cairo
99,United Kingdom,SRID=4326;POINT (-1.4659 53.38297),6,Sheffield
100,United States,SRID=4326;POINT (-90.07507 29.95465),6,New Orleans
101,Switzerland,SRID=4326;POINT (7.57327 47.55839),6,Basel
102,Nigeria,SRID=4326;POINT (3.39467 6.45407),6,Lagos
103,China,SRID=4326;POINT (121.60222 38.91222),6,Dalian
104,United Arab Emirates,SRID=4326;POINT (55.17128 25.0657),6,Dubai
105,United Kingdom,SRID=4326;POINT (-1.54785 53.79648),6,Leeds
106,United States,SRID=4326;POINT (-111.03856 45.67965),6,Bozeman
107,Argentina,SRID=4326;POINT (-58.37723 -34.61315),6,Buenos Aires
108,Germany,SRID=4326;POINT (10.01534 53.57532),6,Hamburg
109,Canada,SRID=4326;POINT (-114.08529 51.05011),6,Calgary
110,United States,SRID=4326;POINT (-122.2708 37.80437),6,Oakland
111,United States,SRID=4326;POINT (-122.27275 37.87159),5,Berkeley
112,India,SRID=4326;POINT (78.45636 17.38405),5,Hyderabad
113,China,SRID=4326;POINT (118.08187 24.47979),5,Xiamen
114,United States,SRID=4326;POINT (-115.13722 36.17497),5,Las Vegas
115,India,SRID=4326;POINT (80.27847 13.08784),5,Chennai
116,United Kingdom,SRID=4326;POINT (-5.92541 54.59682),5,Belfast
117,Sri Lanka,SRID=4326;POINT (79.84778 6.93194),5,Colombo
118,Colombia,SRID=4326;POINT (-76.52249999999999 3.43722),5,Cali
119,United Kingdom,SRID=4326;POINT (-1.40428 50.90395),5,Southampton
120,Serbia,SRID=4326;POINT (19.83694 45.25167),5,Novi Sad
121,Iran,SRID=4326;POINT (59.56796 36.31559),5,Mashhad
122,Italy,SRID=4326;POINT (13.77678 45.64953),5,Trieste
123,China,SRID=4326;POINT (112.97087 28.19874),5,Changsha
124,United States,SRID=4326;POINT (-84.19161 39.75895),5,Dayton
125,United States,SRID=4326;POINT (-78.89861999999999 35.99403),5,Durham
126,Philippines,SRID=4326;POINT (120.9822 14.6042),5,Manila
127,United States,SRID=4326;POINT (-81.69541 41.4995),4,Cleveland
128,India,SRID=4326;POINT (88.36304 22.56263),4,Kolkata
129,Taiwan,SRID=4326;POINT (120.31333 22.61626),4,Kaohsiung
130,Ethiopia,SRID=4326;POINT (38.74689 9.02497),4,Addis Ababa
131,United States,SRID=4326;POINT (-81.03480999999999 34.00071),4,Columbia
132,Kenya,SRID=4326;POINT (36.81667 -1.28333),4,Nairobi
133,Ghana,SRID=4326;POINT (-0.1969 5.55602),4,Accra
134,Peru,SRID=4326;POINT (-77.02824 -12.04318),4,Lima
135,Canada,SRID=4326;POINT (-97.14704 49.8844),4,Winnipeg
136,Germany,SRID=4326;POINT (9.177020000000001 48.78232),4,Stuttgart
137,Nigeria,SRID=4326;POINT (3.90591 7.37756),4,Ibadan
138,South Korea,SRID=4326;POINT (127.41972 36.32139),4,Daejeon
139,India,SRID=4326;POINT (75.83329999999999 22.71792),4,Indore
140,Italy,SRID=4326;POINT (11.33875 44.49381),4,Bologna
141,Saudi Arabia,SRID=4326;POINT (46.72185 24.68773),4,Riyadh
142,Lithuania,SRID=4326;POINT (23.90961 54.90272),4,Kaunas
143,India,SRID=4326;POINT (77.22445 28.63576),4,New Delhi
144,Nepal,SRID=4326;POINT (85.3206 27.70169),4,Kathmandu
145,Mexico,SRID=4326;POINT (-117.00371 32.5027),4,Tijuana
146,China,SRID=4326;POINT (102.71833 25.03889),4,Kunming
147,United States,SRID=4326;POINT (-97.51643 35.46756),4,Oklahoma City
148,Canada,SRID=4326;POINT (-75.69812 45.41117),4,Ottawa
149,China,SRID=4326;POINT (116.99722 36.66833),4,Jinan
150,Venezuela,SRID=4326;POINT (-68.00765 10.16202),4,Valencia
151,Ghana,SRID=4326;POINT (-0.8393 9.400790000000001),4,Tamale
152,United States,SRID=4326;POINT (-86.15804 39.76838),4,Indianapolis
153,Portugal,SRID=4326;POINT (-8.419549999999999 40.20564),4,Coimbra
154,Russia,SRID=4326;POINT (37.61556 55.75222),4,Moscow
155,Vietnam,SRID=4326;POINT (106.62965 10.82302),4,Ho Chi Minh City
156,Lebanon,SRID=4326;POINT (35.49442 33.88894),4,Beirut
157,United Kingdom,SRID=4326;POINT (-4.25763 55.86515),4,Glasgow
158,Canada,SRID=4326;POINT (-104.6178 50.45008),3,Regina
159,Pakistan,SRID=4326;POINT (67.0104 24.8608),3,Karachi
160,United States,SRID=4326;POINT (-121.89496 37.33939),3,San Jose
161,Italy,SRID=4326;POINT (13.33561 38.13205),3,Palermo
162,Lithuania,SRID=4326;POINT (25.2798 54.68916),3,Vilnius
163,South Africa,SRID=4326;POINT (31.0292 -29.8579),3,Durban
164,Zimbabwe,SRID=4326;POINT (31.05337 -17.82772),3,Harare
165,Japan,SRID=4326;POINT (135.183 34.6913),3,Kobe
166,Netherlands,SRID=4326;POINT (4.35556 52.00667),3,Delft
167,Brazil,SRID=4326;POINT (-43.93778 -19.92083),3,Belo Horizonte
168,China,SRID=4326;POINT (91.09999999999999 29.65),3,Lhasa
169,Indonesia,SRID=4326;POINT (112.75083 -7.24917),3,Surabaya
170,Macedonia,SRID=4326;POINT (21.43141 41.99646),3,Skopje
171,United States,SRID=4326;POINT (-83.06797 40.29867),3,Delaware
172,Spain,SRID=4326;POINT (-3.80444 43.46472),3,Santander
173,Taiwan,SRID=4326;POINT (120.6839 24.1469),3,Taichung
174,Italy,SRID=4326;POINT (9.11917 39.23054),3,Cagliari
175,United Kingdom,SRID=4326;POINT (-1.15047 52.9536),3,Nottingham
176,Norway,SRID=4326;POINT (5.32415 60.39299),3,Bergen
177,United Kingdom,SRID=4326;POINT (-1.25596 51.75222),3,Oxford
178,Slovakia,SRID=4326;POINT (17.10674 48.14816),3,Bratislava
179,United Kingdom,SRID=4326;POINT (-1.08271 53.95763),3,York
180,South Africa,SRID=4326;POINT (29.9318 -27.75796),3,Newcastle
181,United States,SRID=4326;POINT (-96.85695 32.58986),3,DeSoto
182,Italy,SRID=4326;POINT (11.12108 46.06787),3,Trento
183,Ecuador,SRID=4326;POINT (-78.52495 -0.22985),3,Quito
184,India,SRID=4326;POINT (80.92313 26.83928),3,Lucknow
185,United States,SRID=4326;POINT (-106.48693 31.75872),3,El Paso
186,United States,SRID=4326;POINT (-73.75623 42.65258),3,Albany
187,Romania,SRID=4326;POINT (26.10626 44.43225),3,Bucharest
188,Portugal,SRID=4326;POINT (-8.64554 40.64427),3,Aveiro
189,Israel,SRID=4326;POINT (34.9885 32.81841),3,Haifa
190,United States,SRID=4326;POINT (-74.07764 40.72816),3,Jersey City
191,Hungary,SRID=4326;POINT (19.03991 47.49801),3,Budapest
192,Australia,SRID=4326;POINT (130.84185 -12.46113),3,Darwin
193,United States,SRID=4326;POINT (-84.51439000000001 39.12711),3,Cincinnati
194,Switzerland,SRID=4326;POINT (6.14569 46.20222),3,Genève
195,United States,SRID=4326;POINT (-94.57857 39.09973),3,Kansas City
196,Canada,SRID=4326;POINT (-113.46871 53.55014),3,Edmonton
197,Germany,SRID=4326;POINT (13.06566 52.39886),3,Potsdam
198,Norway,SRID=4326;POINT (10.39506 63.43049),3,Trondheim
199,Austria,SRID=4326;POINT (13.04399 47.79941),3,Salzburg
200,China,SRID=4326;POINT (120.59538 31.30408),3,Suzhou
201,United States,SRID=4326;POINT (-118.18923 33.76696),3,Long Beach
202,Estonia,SRID=4326;POINT (24.75353 59.43696),3,Tallinn
203,Jamaica,SRID=4326;POINT (-76.79358000000001 17.99702),2,Kingston
204,India,SRID=4326;POINT (77.33 28.58),2,Noida
205,United States,SRID=4326;POINT (-119.69819 34.42083),2,Santa Barbara
206,United States,SRID=4326;POINT (-157.85833 21.30694),2,Honolulu
207,United States,SRID=4326;POINT (-96.80667 32.78306),2,Dallas
208,Kenya,SRID=4326;POINT (34.76171 -0.10221),2,Kisumu
209,Germany,SRID=4326;POINT (13.73832 51.05089),2,Dresden
210,Syria,SRID=4326;POINT (36.29128 33.5102),2,Damascus
211,Japan,SRID=4326;POINT (139.71722 35.52056),2,Kawasaki
212,Sweden,SRID=4326;POINT (17.63889 59.85882),2,Uppsala
213,Argentina,SRID=4326;POINT (-68.53639 -31.5375),2,San Juan
214,United Kingdom,SRID=4326;POINT (-2.97794 53.41058),2,Liverpool
215,Mexico,SRID=4326;POINT (-103.39182 20.66682),2,Guadalajara
216,New Zealand,SRID=4326;POINT (172.63333 -43.53333),2,Christchurch
217,India,SRID=4326;POINT (77.02634999999999 28.4601),2,Gurgaon
218,Italy,SRID=4326;POINT (16.8554 41.11148),2,Bari
219,United Kingdom,SRID=4326;POINT (-1.13169 52.6386),2,Leicester
220,Maldives,SRID=4326;POINT (73.50888 4.1748),2,Male
221,Australia,SRID=4326;POINT (149.12807 -35.28346),2,Canberra
222,Kuwait,SRID=4326;POINT (47.97833 29.36972),2,Kuwait City
223,South Africa,SRID=4326;POINT (28.18783 -25.74486),2,Pretoria
224,Nigeria,SRID=4326;POINT (7.49508 9.05785),2,Abuja
225,United States,SRID=4326;POINT (-76.14742 43.04812),2,Syracuse
226,Turkey,SRID=4326;POINT (37.3825 37.05944),2,Gaziantep
227,United States,SRID=4326;POINT (-97.10807 32.73569),2,Arlington
228,India,SRID=4326;POINT (79.82979 11.93381),2,Puducherry
229,Netherlands,SRID=4326;POINT (4.29861 52.07667),2,The Hague
230,Venezuela,SRID=4326;POINT (-70.43694000000001 9.365830000000001),2,Trujillo
231,France,SRID=4326;POINT (-0.5805 44.84044),2,Bordeaux
232,Iran,SRID=4326;POINT (51.67462 32.65246),2,Isfahan
233,India,SRID=4326;POINT (73.85535 18.51957),2,Pune
234,Ivory Coast,SRID=4326;POINT (-4.01266 5.30966),2,Abidjan
235,United States,SRID=4326;POINT (-111.89105 40.76078),2,Salt Lake City
236,Iran,SRID=4326;POINT (46.99883 35.31495),2,Sanandaj
237,Italy,SRID=4326;POINT (12.2416 45.66673),2,Treviso
238,United Kingdom,SRID=4326;POINT (-2.59665 51.45523),2,Bristol
239,Germany,SRID=4326;POINT (9.733219999999999 52.37052),2,Hannover
240,Italy,SRID=4326;POINT (7.68682 45.07049),2,Turin
241,Mexico,SRID=4326;POINT (-101.2591 21.01858),2,Guanajuato
242,Cuba,SRID=4326;POINT (-82.38303999999999 23.13302),2,Havana
243,United States,SRID=4326;POINT (-81.37924 28.53834),2,Orlando
244,Malaysia,SRID=4326;POINT (103.7578 1.4655),2,Johor Bahru
245,Sweden,SRID=4326;POINT (20.22513 67.85572000000001),2,Kiruna
246,Japan,SRID=4326;POINT (139.65 35.43333),2,Yokohama
247,Italy,SRID=4326;POINT (10.21472 45.53558),2,Brescia
248,France,SRID=4326;POINT (7.74553 48.58392),2,Strasbourg
249,China,SRID=4326;POINT (104.06667 30.66667),2,Chengdu
250,Botswana,SRID=4326;POINT (25.90859 -24.65451),2,Gaborone
251,Philippines,SRID=4326;POINT (121.0509 14.6488),2,Quezon City
252,United States,SRID=4326;POINT (-76.28522 36.84681),2,Norfolk
253,India,SRID=4326;POINT (76.7884 30.73629),2,Chandigarh
254,Italy,SRID=4326;POINT (12.38878 43.1122),2,Perugia
255,United States,SRID=4326;POINT (-89.40123 43.07305),2,Madison
256,United States,SRID=4326;POINT (-87.90647 43.0389),2,Milwaukee
257,United States,SRID=4326;POINT (-72.07590999999999 41.52426),2,Norwich
258,China,SRID=4326;POINT (121.38416 28.37524),2,Wenling
259,Germany,SRID=4326;POINT (8.404439999999999 49.00937),2,Karlsruhe
260,Mexico,SRID=4326;POINT (-96.1429 19.18095),2,Veracruz
261,Romania,SRID=4326;POINT (26.92646 46.92119),2,Roman
262,Ethiopia,SRID=4326;POINT (37.39077 11.59364),2,Bahir Dar
263,Netherlands,SRID=4326;POINT (5.97083 51.8775),2,Gendt
264,China,SRID=4326;POINT (110.5723 21.31992),2,Zhongshan
265,Argentina,SRID=4326;POINT (-66.85066999999999 -29.41105),2,La Rioja
266,United States,SRID=4326;POINT (-121.74052 38.54491),2,Davis
267,Belgium,SRID=4326;POINT (5.45952 51.1303),2,Peer
268,Bulgaria,SRID=4326;POINT (23.225 43.4125),2,Montana
269,China,SRID=4326;POINT (119.90812 32.49069),2,Taizhou
270,Germany,SRID=4326;POINT (12.37129 51.33962),2,Leipzig
271,Switzerland,SRID=4326;POINT (6.63282 46.516),2,Lausanne
272,United Kingdom,SRID=4326;POINT (-1.89983 52.48142),2,Birmingham
273,United States,SRID=4326;POINT (-118.49119 34.01945),2,Santa Monica
274,Italy,SRID=4326;POINT (15.07041 37.49223),2,Catania
275,Spain,SRID=4326;POINT (-2.92528 43.26271),2,Bilbao
276,Portugal,SRID=4326;POINT (-8.610989999999999 41.14961),2,Porto
277,Italy,SRID=4326;POINT (8.94439 44.40478),2,Genoa
278,United Kingdom,SRID=4326;POINT (-1.38222 54.90465),2,Sunderland
279,Spain,SRID=4326;POINT (-5.66388 40.96882),2,Salamanca
280,Indonesia,SRID=4326;POINT (107.60694 -6.92222),2,Bandung
281,United States,SRID=4326;POINT (-82.45843000000001 27.94752),2,Tampa
282,United Kingdom,SRID=4326;POINT (-1.58276 52.34958),2,Kenilworth
283,Ireland,SRID=4326;POINT (-8.470610000000001 51.89797),2,Cork
284,United Kingdom,SRID=4326;POINT (1.07992 51.27904),2,Canterbury
285,Ghana,SRID=4326;POINT (-1.62443 6.68848),2,Kumasi
286,China,SRID=4326;POINT (114.47861 38.04139),2,Shijiazhuang
287,United States,SRID=4326;POINT (-85.30968 35.04563),2,Chattanooga
288,Germany,SRID=4326;POINT (10.52673 52.26594),2,Braunschweig
289,Nepal,SRID=4326;POINT (85.31417 27.67658),2,Pātan
290,Germany,SRID=4326;POINT (7.85222 47.9959),2,Freiburg
291,Australia,SRID=4326;POINT (149.16554 -21.15345),2,Mackay
292,Spain,SRID=4326;POINT (-6.94004 37.26638),2,Huelva
293,Japan,SRID=4326;POINT (127.80139 26.33583),2,Okinawa
294,Italy,SRID=4326;POINT (14.79328 40.67545),2,Salerno
295,Jordan,SRID=4326;POINT (35.94503 31.95522),2,Amman
296,Canada,SRID=4326;POINT (-83.01654000000001 42.30008),2,Windsor
297,Colombia,SRID=4326;POINT (-74.21682 4.57937),2,Soacha
298,Czechia,SRID=4326;POINT (14.42076 50.08804),2,Prague
299,Nigeria,SRID=4326;POINT (5.19312 7.25256),2,Akure
300,Spain,SRID=4326;POINT (-3.70184 42.34106),2,Burgos
301,United States,SRID=4326;POINT (-119.77237 36.74773),2,Fresno
302,Brazil,SRID=4326;POINT (-51.23 -30.03306),2,Porto Alegre
303,United Kingdom,SRID=4326;POINT (-1.3187 51.06513),2,Winchester
304,Israel,SRID=4326;POINT (34.75185 32.02379),2,Bat Yam
305,Colombia,SRID=4326;POINT (-74.78131999999999 10.96854),2,Barranquilla
306,United States,SRID=4326;POINT (-84.28073000000001 30.43826),2,Tallahassee
307,Italy,SRID=4326;POINT (13.50337 43.5942),2,Ancona
308,Israel,SRID=4326;POINT (35.21633 31.76904),2,Jerusalem
309,China,SRID=4326;POINT (123.43278 41.79222),2,Shenyang
310,Germany,SRID=4326;POINT (8.650270000000001 49.87167),2,Darmstadt
311,New Zealand,SRID=4326;POINT (174.77557 -41.28664),2,Wellington
312,Uganda,SRID=4326;POINT (32.58219 0.31628),2,Kampala
313,United States,SRID=4326;POINT (-72.68509 41.76371),2,Hartford
314,Malaysia,SRID=4326;POINT (100.33543 5.41123),2,George Town
315,India,SRID=4326;POINT (71.03795 20.82318),2,Una
316,India,SRID=4326;POINT (75.78780999999999 26.91962),2,Jaipur
317,China,SRID=4326;POINT (125.32278 43.88),2,Changchun
318,Peru,SRID=4326;POINT (-73.25382999999999 -3.74912),2,Iquitos
319,United States,SRID=4326;POINT (-74.13986 40.56233),2,Staten Island
320,Philippines,SRID=4326;POINT (121.72285 17.61577),1,Tuguegarao
321,Chile,SRID=4326;POINT (-73.24589 -39.81422),1,Valdivia
322,Israel,SRID=4326;POINT (34.85992 32.33291),1,Netanya
323,United Kingdom,SRID=4326;POINT (-2.07972 51.90006),1,Cheltenham
324,United Kingdom,SRID=4326;POINT (-2.99132 53.04664),1,Wrexham
325,United States,SRID=4326;POINT (-105.0372 39.83665),1,Westminster
326,Zambia,SRID=4326;POINT (28.28713 -15.40669),1,Lusaka
327,Philippines,SRID=4326;POINT (120.6406 15.6653),1,Ramos
328,Canada,SRID=4326;POINT (-79.76633 43.68341),1,Brampton
329,Turkey,SRID=4326;POINT (41.27694 39.90861),1,Erzurum
330,United States,SRID=4326;POINT (-117.39616 33.95335),1,Riverside
331,United States,SRID=4326;POINT (-77.91553999999999 35.72127),1,Wilson
332,Germany,SRID=4326;POINT (8.698919999999999 48.88436),1,Pforzheim
333,Morocco,SRID=4326;POINT (-7.38298 33.68607),1,Mohammedia
334,Spain,SRID=4326;POINT (-8.72264 42.23282),1,Vigo
335,Italy,SRID=4326;POINT (17.24707 40.46438),1,Taranto
336,United States,SRID=4326;POINT (-77.3411 38.96872),1,Reston
337,Egypt,SRID=4326;POINT (31.81332 31.41648),1,Damietta
338,United Kingdom,SRID=4326;POINT (-3.93682 56.11903),1,Stirling
339,Finland,SRID=4326;POINT (25.04099 60.29414),1,Vantaa
340,Chad,SRID=4326;POINT (18.69303 12.18441),1,Mongo
341,Slovenia,SRID=4326;POINT (15.26044 46.23092),1,Celje
342,Netherlands,SRID=4326;POINT (4.49306 52.15833),1,Leiden
343,Jordan,SRID=4326;POINT (36.08796 32.07275),1,Zarqa
344,United States,SRID=4326;POINT (-117.32726 33.66808),1,Lake Elsinore
345,Italy,SRID=4326;POINT (15.55256 38.19394),1,Messina
346,United Kingdom,SRID=4326;POINT (-0.83333 51.28333),1,Fleet
347,Bangladesh,SRID=4326;POINT (91.83168000000001 22.3384),1,Chittagong
348,Ireland,SRID=4326;POINT (-8.623060000000001 52.66472),1,Luimneach
349,Mexico,SRID=4326;POINT (-92.93028 17.98689),1,Villahermosa
350,United States,SRID=4326;POINT (-123.08675 44.05207),1,Eugene
351,Brazil,SRID=4326;POINT (-47.06083 -22.90556),1,Campinas
352,Denmark,SRID=4326;POINT (10.38831 55.39594),1,Odense
353,Venezuela,SRID=4326;POINT (-66.87918999999999 10.48801),1,Caracas
354,Kyrgyzstan,SRID=4326;POINT (74.59 42.87),1,Bishkek
355,United Kingdom,SRID=4326;POINT (-2.36172 51.3751),1,Bath
356,Turkey,SRID=4326;POINT (30.69556 36.90812),1,Antalya
357,India,SRID=4326;POINT (78.15867 11.65117),1,Salem
358,United States,SRID=4326;POINT (-83.68746 43.01253),1,Flint
359,China,SRID=4326;POINT (112.56028 37.86944),1,Taiyuan
360,Italy,SRID=4326;POINT (11.24626 43.77925),1,Florence
361,Australia,SRID=4326;POINT (147.32941 -42.87936),1,Hobart
362,Bhutan,SRID=4326;POINT (89.64191 27.46609),1,Thimphu
363,United States,SRID=4326;POINT (-83.92074 35.96064),1,Knoxville
364,Nigeria,SRID=4326;POINT (4.54214 8.496639999999999),1,Ilorin
365,Israel,SRID=4326;POINT (34.81065 32.08227),1,Ramat Gan
366,Czechia,SRID=4326;POINT (16.60796 49.19522),1,Brno
367,Germany,SRID=4326;POINT (6.08342 50.77664),1,Aachen
368,United States,SRID=4326;POINT (-112.53474 46.00382),1,Butte
369,United States,SRID=4326;POINT (-90.07729 29.90354),1,Harvey
370,India,SRID=4326;POINT (71.76975 23.88745),1,Un
371,Pakistan,SRID=4326;POINT (73.06789999999999 33.6007),1,Rawalpindi
372,United Kingdom,SRID=4326;POINT (-1.51217 52.40656),1,Coventry
373,Spain,SRID=4326;POINT (-1.13004 37.98704),1,Murcia
374,Russia,SRID=4326;POINT (41.53699 58.48067),1,Buy
375,United States,SRID=4326;POINT (-77.41054 39.41427),1,Frederick
376,France,SRID=4326;POINT (-1.15 46.16667),1,La Rochelle
377,Croatia,SRID=4326;POINT (16.43915 43.50891),1,Split
378,India,SRID=4326;POINT (85.13563000000001 25.59408),1,Patna
379,Argentina,SRID=4326;POINT (-58.98389 -27.46056),1,Resistencia
380,United States,SRID=4326;POINT (-77.46026000000001 37.55376),1,Richmond
381,Ghana,SRID=4326;POINT (-2.50192 10.06069),1,Wa
382,United States,SRID=4326;POINT (-86.78444 36.16589),1,Nashville
383,Palestinian Territory,SRID=4326;POINT (35.45 31.86667),1,Jericho
384,United States,SRID=4326;POINT (-117.20865 34.12834),1,Highland
385,Turkey,SRID=4326;POINT (37.01611 39.74833),1,Sivas
386,Turkey,SRID=4326;POINT (29.06013 40.19559),1,Bursa
387,United Kingdom,SRID=4326;POINT (-0.76667 53.38333),1,Gainsborough
388,Tunisia,SRID=4326;POINT (10.76028 34.74056),1,Sfax
389,Qatar,SRID=4326;POINT (51.52245 25.27932),1,Doha
390,Chile,SRID=4326;POINT (-71.59308 -35.84667),1,Linares
391,Turkey,SRID=4326;POINT (36.3361 41.27976),1,Samsun
392,United States,SRID=4326;POINT (-81.84059000000001 26.62168),1,Fort Myers
393,United States,SRID=4326;POINT (-78.63861 35.7721),1,Raleigh
394,Turkey,SRID=4326;POINT (29.0875 37.77417),1,Denizli
395,Guatemala,SRID=4326;POINT (-91.50333000000001 14.53417),1,Mazatenango
396,Italy,SRID=4326;POINT (12.65419 41.59452),1,Aprilia
397,Honduras,SRID=4326;POINT (-88.02500000000001 15.50417),1,San Pedro Sula
398,Portugal,SRID=4326;POINT (-9.230829999999999 38.75382),1,Amadora
399,Kenya,SRID=4326;POINT (35.26993 0.52036),1,Eldoret
400,United States,SRID=4326;POINT (-111.90931 33.41477),1,Tempe
401,France,SRID=4326;POINT (3.87723 43.61092),1,Montpellier
402,Uruguay,SRID=4326;POINT (-57.96667 -31.38333),1,Salto
403,United States,SRID=4326;POINT (-95.48938 30.15799),1,The Woodlands
404,China,SRID=4326;POINT (122.08333 46.08333),1,Ulanhot
405,China,SRID=4326;POINT (111.51667 24.41667),1,Babu
406,Iran,SRID=4326;POINT (49.58862 37.27611),1,Rasht
407,United Kingdom,SRID=4326;POINT (-2.08333 52.5),1,Dudley
408,South Africa,SRID=4326;POINT (30.63646 -29.81292),1,Mpumalanga
409,United States,SRID=4326;POINT (-118.08173 33.90224),1,Norwalk
410,Zimbabwe,SRID=4326;POINT (28.58333 -20.15),1,Bulawayo
411,Nigeria,SRID=4326;POINT (7.49883 6.44132),1,Enugu
412,India,SRID=4326;POINT (73.81491 15.38914),1,Mormugao
413,Mozambique,SRID=4326;POINT (31.99528 -25.44278),1,Ressano Garcia
414,United States,SRID=4326;POINT (-92.95938 44.92386),1,Woodbury
415,United States,SRID=4326;POINT (-105.27055 40.01499),1,Boulder
416,France,SRID=4326;POINT (3.05858 50.63297),1,Lille
417,Spain,SRID=4326;POINT (-6.2891 36.52672),1,Cadiz
418,Spain,SRID=4326;POINT (1.25 41.11667),1,Tarragona
419,United States,SRID=4326;POINT (-78.87837 42.88645),1,Buffalo
420,Brazil,SRID=4326;POINT (-35.20944 -5.795),1,Natal
421,United States,SRID=4326;POINT (-112.18599 33.53865),1,Glendale
422,Brazil,SRID=4326;POINT (-44.19833 -19.96778),1,Betim
423,Benin,SRID=4326;POINT (2.41833 6.36536),1,Cotonou
424,China,SRID=4326;POINT (119.95401 31.77359),1,Changzhou
425,United States,SRID=4326;POINT (-104.82136 38.83388),1,Colorado Springs
426,United States,SRID=4326;POINT (-122.03107 37.97798),1,Concord
427,United States,SRID=4326;POINT (-111.97383 41.223),1,Ogden
428,France,SRID=4326;POINT (0.33333 46.58333),1,Poitiers
429,United Kingdom,SRID=4326;POINT (-0.8833299999999999 52.25),1,Northampton
430,Macao,SRID=4326;POINT (113.54611 22.20056),1,Macau
431,United States,SRID=4326;POINT (-77.61556 43.15478),1,Rochester
432,United States,SRID=4326;POINT (-111.65853 40.23384),1,Provo
433,Russia,SRID=4326;POINT (33.09251 68.97917),1,Murmansk
434,Italy,SRID=4326;POINT (12.9164 43.90921),1,Pesaro
435,Egypt,SRID=4326;POINT (29.95527 31.21564),1,Alexandria
436,United States,SRID=4326;POINT (-92.28959 34.74648),1,Little Rock
437,Hong Kong,SRID=4326;POINT (114.18333 22.31667),1,Kowloon
438,Italy,SRID=4326;POINT (12.9043 41.46614),1,Latina
439,Turkmenistan,SRID=4326;POINT (61.83031 37.59378),1,Mary
440,Netherlands,SRID=4326;POINT (4.49306 52.0575),1,Zoetermeer
441,Spain,SRID=4326;POINT (2.25486 41.93012),1,Vic
442,Japan,SRID=4326;POINT (140.86806 42.46806),1,Date
443,Iraq,SRID=4326;POINT (44.39222 35.46806),1,Kirkuk
444,Netherlands,SRID=4326;POINT (4.70833 52.01667),1,Gouda
445,Thailand,SRID=4326;POINT (102.833 16.44671),1,Khon Kaen
446,France,SRID=4326;POINT (7.26608 43.70313),1,Nice
447,United States,SRID=4326;POINT (-81.52151000000001 40.79672),1,Massillon
448,United States,SRID=4326;POINT (-82.29622999999999 34.92039),1,Taylors
449,United States,SRID=4326;POINT (-117.02308 32.76783),1,La Mesa
450,Ghana,SRID=4326;POINT (0.4713 6.60084),1,Ho
451,France,SRID=4326;POINT (3.53333 50.35),1,Valenciennes
452,Ecuador,SRID=4326;POINT (-79.45998 -1.57504),1,Catarama
453,Poland,SRID=4326;POINT (14.55302 53.42894),1,Szczecin
454,United States,SRID=4326;POINT (-75.49018 40.60843),1,Allentown
455,Turkey,SRID=4326;POINT (35.32889 37.00167),1,Adana
456,United States,SRID=4326;POINT (-117.75228 34.05529),1,Pomona
457,Senegal,SRID=4326;POINT (-17.44406 14.6937),1,Dakar
458,Burkina Faso,SRID=4326;POINT (-1.53388 12.36566),1,Ouagadougou
459,France,SRID=4326;POINT (3.08628 45.77966),1,Clermont-Ferrand
460,Cambodia,SRID=4326;POINT (104.91601 11.56245),1,Phnom Penh
461,India,SRID=4326;POINT (77.4422 11.45496),1,Gobichettipalayam
462,Spain,SRID=4326;POINT (-0.48149 38.34517),1,Alicante
463,Canada,SRID=4326;POINT (-122.95263 49.26636),1,Burnaby
464,United States,SRID=4326;POINT (-80.66285000000001 41.02423),1,Boardman
465,Canada,SRID=4326;POINT (-79.6583 43.5789),1,Mississauga
466,United States,SRID=4326;POINT (-79.14225 37.41375),1,Lynchburg
467,Mexico,SRID=4326;POINT (-98.20346000000001 19.03793),1,Puebla
468,Brazil,SRID=4326;POINT (-52.09861 -32.035),1,Rio Grande
469,United States,SRID=4326;POINT (-106.65114 35.08449),1,Albuquerque
470,Brazil,SRID=4326;POINT (-47.45806 -23.50167),1,Sorocaba
471,India,SRID=4326;POINT (76.94924 8.4855),1,Thiruvananthapuram
472,Dominican Republic,SRID=4326;POINT (-71.07813 19.55186),1,Mao
473,United States,SRID=4326;POINT (-94.82552 38.74306),1,Spring Hill
474,Portugal,SRID=4326;POINT (-9.1838 38.79269),1,Odivelas
475,Australia,SRID=4326;POINT (146.80569 -19.26639),1,Townsville
476,Netherlands,SRID=4326;POINT (6.56667 53.21917),1,Groningen
477,Cyprus,SRID=4326;POINT (33.3642 35.17531),1,Nicosia
478,France,SRID=4326;POINT (-0.55 47.46667),1,Angers
479,India,SRID=4326;POINT (83.20161 17.68009),1,Visakhapatnam
480,Colombia,SRID=4326;POINT (-74.78243999999999 9.790290000000001),1,Plato
481,United States,SRID=4326;POINT (-77.94471 34.22573),1,Wilmington
482,Nigeria,SRID=4326;POINT (7.39577 6.85783),1,Nsukka
483,China,SRID=4326;POINT (113.13148 23.02677),1,Foshan
484,India,SRID=4326;POINT (91.88312999999999 25.56892),1,Shillong
485,United States,SRID=4326;POINT (-76.49661 42.44063),1,Ithaca
486,Slovakia,SRID=4326;POINT (18.92399 49.06651),1,Martin
487,Spain,SRID=4326;POINT (2.82493 41.98311),1,Girona
488,United States,SRID=4326;POINT (-73.20483 41.16704),1,Bridgeport
489,United States,SRID=4326;POINT (-78.45639 35.65071),1,Clayton
490,Algeria,SRID=4326;POINT (7.42608 36.46214),1,Guelma
491,United States,SRID=4326;POINT (-122.44429 47.25288),1,Tacoma
492,United Kingdom,SRID=4326;POINT (-2.70452 53.76282),1,Preston
493,United Arab Emirates,SRID=4326;POINT (55.43504 25.41111),1,Ajman
494,Spain,SRID=4326;POINT (1.05949 41.06997),1,Cambrils
495,Germany,SRID=4326;POINT (6.76516 51.43247),1,Duisburg
496,Italy,SRID=4326;POINT (10.4036 43.70853),1,Pisa
497,Saudi Arabia,SRID=4326;POINT (42.50528 18.21639),1,Abha
498,Netherlands,SRID=4326;POINT (5.47778 51.44083),1,Eindhoven
499,Japan,SRID=4326;POINT (141.35 43.06667),1,Sapporo
500,Colombia,SRID=4326;POINT (-75.69611 4.81333),1,Pereira
501,United States,SRID=4326;POINT (-122.08385 37.38605),1,Mountain View
502,India,SRID=4326;POINT (78.03391999999999 30.32443),1,Dehra Dūn
503,Mexico,SRID=4326;POINT (-92.47165 17.00563),1,Pantelhó
504,Turkey,SRID=4326;POINT (26.55597 41.67719),1,Edirne
505,United Arab Emirates,SRID=4326;POINT (55.41206 25.33737),1,Sharjah
506,Sudan,SRID=4326;POINT (32.53241 15.55177),1,Khartoum
507,United Kingdom,SRID=4326;POINT (-0.75583 52.04172),1,Milton Keynes
508,Italy,SRID=4326;POINT (13.45293 43.29789),1,Macerata
509,South Africa,SRID=4326;POINT (18.47617 -34.05515),1,Retreat
510,Japan,SRID=4326;POINT (130.69181 32.80589),1,Kumamoto
511,Vietnam,SRID=4326;POINT (105.84117 21.0245),1,Hanoi
512,China,SRID=4326;POINT (118.29444 36.7975),1,Xindian
513,Finland,SRID=4326;POINT (27.67703 62.89238),1,Kuopio
514,Iran,SRID=4326;POINT (48.6842 31.31901),1,Ahvaz
515,United States,SRID=4326;POINT (-98.49363 29.42412),1,San Antonio
516,Pakistan,SRID=4326;POINT (71.57849 34.008),1,Peshawar
517,Brazil,SRID=4326;POINT (-38.54306 -3.71722),1,Fortaleza
518,Palestinian Territory,SRID=4326;POINT (35.20422 31.89964),1,Ramallah
519,Russia,SRID=4326;POINT (65.52722 57.15222),1,Tyumen
520,Panama,SRID=4326;POINT (-79.51973 8.993600000000001),1,Panamá
521,Pakistan,SRID=4326;POINT (72.85525 29.19344),1,Fort Abbās
522,China,SRID=4326;POINT (122.20488 29.98869),1,Zhoushan
523,France,SRID=4326;POINT (-1.77327 48.14848),1,Pacé
524,South Africa,SRID=4326;POINT (28.12843 -25.98953),1,Midrand
525,Philippines,SRID=4326;POINT (120.5875 16.455),1,La Trinidad
526,Indonesia,SRID=4326;POINT (104.7458 -2.91673),1,Palembang
527,United States,SRID=4326;POINT (-72.92816000000001 41.30815),1,New Haven
528,Finland,SRID=4326;POINT (24.6522 60.2052),1,Espoo
529,Norway,SRID=4326;POINT (5.73332 58.97005),1,Stavanger
530,China,SRID=4326;POINT (117.43333 49.6),1,Manzhouli
531,Spain,SRID=4326;POINT (-3.79028 37.76922),1,Jaén
532,Iran,SRID=4326;POINT (50.0041 36.26877),1,Qazvin
533,Italy,SRID=4326;POINT (11.88068 43.46276),1,Arezzo
534,Brazil,SRID=4326;POINT (-38.51083 -12.97111),1,Salvador
535,United States,SRID=4326;POINT (-81.65564999999999 30.33218),1,Jacksonville
536,Germany,SRID=4326;POINT (7.57883 50.35357),1,Koblenz
537,China,SRID=4326;POINT (109.82222 40.65222),1,Baotou
538,Nigeria,SRID=4326;POINT (6.91729 6.01962),1,Nnewi
539,Philippines,SRID=4326;POINT (121.03269 14.55027),1,Makati City
540,United States,SRID=4326;POINT (-122.01913 37.59577),1,Union City
541,Lithuania,SRID=4326;POINT (25.59918 55.49764),1,Utena
542,United States,SRID=4326;POINT (-72.74954 42.12509),1,Westfield
543,United States,SRID=4326;POINT (-83.55521 41.66394),1,Toledo
544,Mexico,SRID=4326;POINT (-100.31847 25.67507),1,Monterrey
545,United States,SRID=4326;POINT (-79.99589 40.44062),1,Pittsburgh
546,France,SRID=4326;POINT (5.38107 43.29695),1,Marseille
547,United States,SRID=4326;POINT (-94.00915000000001 44.15906),1,Mankato
548,United States,SRID=4326;POINT (-74.28458999999999 40.5576),1,Woodbridge
549,United States,SRID=4326;POINT (-80.15394000000001 25.84621),1,North Bay Village
550,United Kingdom,SRID=4326;POINT (-1.09125 50.79899),1,Portsmouth
551,United States,SRID=4326;POINT (-74.2632 40.6976),1,Union
552,Australia,SRID=4326;POINT (145.76625 -16.92304),1,Cairns
553,South Africa,SRID=4326;POINT (22.46173 -33.963),1,George
554,Kazakhstan,SRID=4326;POINT (71.44598000000001 51.1801),1,Astana
555,Brazil,SRID=4326;POINT (-54.80556 -22.22111),1,Dourados
556,New Zealand,SRID=4326;POINT (170.50361 -45.87416),1,Dunedin
557,United States,SRID=4326;POINT (-111.69465 40.2969),1,Orem
558,United Kingdom,SRID=4326;POINT (-1.23483 54.57623),1,Middlesbrough
559,Austria,SRID=4326;POINT (13.85583 46.61028),1,Villach
560,United States,SRID=4326;POINT (-117.9145 33.83529),1,Anaheim
561,Germany,SRID=4326;POINT (7.466 51.51494),1,Dortmund
562,United States,SRID=4326;POINT (-122.03997 38.24936),1,Fairfield
563,United Kingdom,SRID=4326;POINT (-1.48333 53.55),1,Barnsley
564,Italy,SRID=4326;POINT (10.2502 43.86693),1,Viareggio
565,Bolivia,SRID=4326;POINT (-68.15000000000001 -16.5),1,La Paz
566,Germany,SRID=4326;POINT (8.754390000000001 51.71905),1,Paderborn
567,Australia,SRID=4326;POINT (150.50595 -23.38032),1,Rockhampton
568,China,SRID=4326;POINT (106.27306 38.46806),1,Yinchuan
569,United Kingdom,SRID=4326;POINT (-1.35678 53.43012),1,Rotherham
570,Spain,SRID=4326;POINT (-6.97061 38.87789),1,Badajoz
571,United States,SRID=4326;POINT (-72.80704 41.53815),1,Meriden
572,Nicaragua,SRID=4326;POINT (-86.2504 12.13282),1,Managua
573,United States,SRID=4326;POINT (-98.32529 26.21591),1,Mission
574,Liberia,SRID=4326;POINT (-10.7969 6.30054),1,Monrovia
575,Germany,SRID=4326;POINT (13.43122 48.5665),1,Passau
576,Mexico,SRID=4326;POINT (-99.18594 19.48698),1,Azcapotzalco
577,Turkey,SRID=4326;POINT (35.48528 38.73222),1,Kayseri
578,Colombia,SRID=4326;POINT (-74.73584 5.20856),1,Honda
579,Spain,SRID=4326;POINT (-5.97317 37.38283),1,Sevilla
580,China,SRID=4326;POINT (120.28857 31.56887),1,Wuxi
581,Mozambique,SRID=4326;POINT (32.58322 -25.96553),1,Maputo
582,Saudi Arabia,SRID=4326;POINT (50.11396 26.28864),1,Dhahran
583,China,SRID=4326;POINT (120.38042 36.06488),1,Qingdao
584,Algeria,SRID=4326;POINT (3.08746 36.73225),1,Algiers
585,United States,SRID=4326;POINT (-84.34162000000001 40.84338),1,Delphos
586,Netherlands,SRID=4326;POINT (5.85278 51.8425),1,Nijmegen
587,Malaysia,SRID=4326;POINT (100.47793 5.16586),1,Nibong Tebal
588,Ukraine,SRID=4326;POINT (30.5238 50.45466),1,Kiev
589,India,SRID=4326;POINT (77.67215 27.5035),1,Mathura
590,India,SRID=4326;POINT (88.34115 22.64859),1,Bāli
591,Canada,SRID=4326;POINT (-63.57239 44.64533),1,Halifax
592,Palestinian Territory,SRID=4326;POINT (35.25444 32.22111),1,Nablus
593,Chile,SRID=4326;POINT (-70.13912999999999 -20.22036),1,Iquique
594,United States,SRID=4326;POINT (-74.45182 40.48622),1,New Brunswick
595,United States,SRID=4326;POINT (-77.46053999999999 38.30318),1,Fredericksburg
596,India,SRID=4326;POINT (75.9526 17.17735),1,Indi
597,Poland,SRID=4326;POINT (21.01178 52.22977),1,Warsaw
598,United States,SRID=4326;POINT (-74.02181 41.05899),1,Pearl River
599,Brazil,SRID=4326;POINT (-60.025 -3.10194),1,Manaus
600,United States,SRID=4326;POINT (-122.23484 47.38093),1,Kent
601,United States,SRID=4326;POINT (-121.85162 36.61107),1,Seaside
602,China,SRID=4326;POINT (121.54945 29.87819),1,Ningbo
603,Ecuador,SRID=4326;POINT (-79.90795 -2.20584),1,Guayaquil
604,Slovenia,SRID=4326;POINT (13.72944 45.54694),1,Koper
605,Germany,SRID=4326;POINT (7.77161 49.443),1,Kaiserslautern
606,Poland,SRID=4326;POINT (16.17222 54.19438),1,Koszalin
607,Netherlands,SRID=4326;POINT (6.89583 52.21833),1,Enschede
608,Nigeria,SRID=4326;POINT (6.78569 6.14978),1,Onitsha
609,United States,SRID=4326;POINT (-99.50754000000001 27.50641),1,Laredo
610,United States,SRID=4326;POINT (-74.4121 40.51872),1,Edison
611,United States,SRID=4326;POINT (-122.71443 38.44047),1,Santa Rosa
612,Netherlands,SRID=4326;POINT (5.12222 52.09083),1,Utrecht
613,Indonesia,SRID=4326;POINT (100.35427 -0.94924),1,Padang
614,United States,SRID=4326;POINT (-96.63888 32.91262),1,Garland
615,Brazil,SRID=4326;POINT (-51.16278 -23.31028),1,Londrina
616,United States,SRID=4326;POINT (-88.20726999999999 40.11059),1,Urbana
617,Germany,SRID=4326;POINT (7.09549 50.73438),1,Bonn
618,Denmark,SRID=4326;POINT (9.918699999999999 57.048),1,Aalborg
619,Mexico,SRID=4326;POINT (-103.38479 20.72356),1,Zapopan
620,United States,SRID=4326;POINT (-94.41551 39.09112),1,Independence
621,Algeria,SRID=4326;POINT (2.84244 36.71169),1,Zeralda
622,Philippines,SRID=4326;POINT (125.09889 7.73028),1,Quezon
623,United States,SRID=4326;POINT (-93.09327 44.94441),1,Saint Paul
624,Philippines,SRID=4326;POINT (123.89071 10.31672),1,Cebu City
625,Ghana,SRID=4326;POINT (-0.85139 10.78556),1,Bolgatanga
626,United States,SRID=4326;POINT (-122.28553 38.29714),1,Napa
627,China,SRID=4326;POINT (118.18333 39.63333),1,Tangshan
628,United States,SRID=4326;POINT (-122.20068 47.61038),1,Bellevue
629,Belgium,SRID=4326;POINT (5.33781 50.93106),1,Hasselt
630,Switzerland,SRID=4326;POINT (9.532870000000001 46.84986),1,Chur
631,China,SRID=4326;POINT (119.58833 39.93167),1,Qinhuangdao
632,Iran,SRID=4326;POINT (48.3043 30.3392),1,Abadan
633,Saudi Arabia,SRID=4326;POINT (36.57151 28.3998),1,Tabuk
634,United States,SRID=4326;POINT (-73.45401 41.39482),1,Danbury
635,Germany,SRID=4326;POINT (9.5 51.31667),1,Kassel
636,Brazil,SRID=4326;POINT (-49.14083 -14.52472),1,Uruaçu
637,Republic of the Congo,SRID=4326;POINT (15.28318 -4.26613),1,Brazzaville
638,Mexico,SRID=4326;POINT (-106.08889 28.63528),1,Chihuahua
639,Spain,SRID=4326;POINT (-4.6586 37.2087),1,Alameda
640,Portugal,SRID=4326;POINT (-16.92547 32.66568),1,Funchal
641,India,SRID=4326;POINT (77.16661999999999 31.10442),1,Shimla
642,United States,SRID=4326;POINT (-82.28592 27.9378),1,Brandon
643,Spain,SRID=4326;POINT (-4.77275 37.89155),1,Córdoba
644,Ukraine,SRID=4326;POINT (30.11209 49.80939),1,Bila Tserkva
645,United States,SRID=4326;POINT (-122.06496 37.90631),1,Walnut Creek
646,United States,SRID=4326;POINT (-87.78449999999999 41.88503),1,Oak Park
647,Thailand,SRID=4326;POINT (102.10196 14.97066),1,Nakhon Ratchasima
648,Mexico,SRID=4326;POINT (-99.06064000000001 19.60492),1,Ecatepec
649,India,SRID=4326;POINT (77.72741000000001 11.3428),1,Erode
650,United States,SRID=4326;POINT (-92.01984 30.22409),1,Lafayette
651,United Kingdom,SRID=4326;POINT (-1.75206 53.79391),1,Bradford
652,Netherlands,SRID=4326;POINT (5.39028 51.5075),1,Best
653,Poland,SRID=4326;POINT (14.57182 53.55214),1,Police
654,Belgium,SRID=4326;POINT (5.11662 51.19188),1,Mol
655,Indonesia,SRID=4326;POINT (106.9896 -6.2349),1,Bekasi
656,Georgia,SRID=4326;POINT (44.83368 41.69411),1,Tbilisi
657,Iran,SRID=4326;POINT (53.06009 36.56332),1,Sari
658,Austria,SRID=4326;POINT (9.7471 47.50311),1,Bregenz
659,France,SRID=4326;POINT (2.82791 50.43302),1,Lens
660,United States,SRID=4326;POINT (-92.93769 47.42715),1,Hibbing
661,Central African Republic,SRID=4326;POINT (15.87735 4.94273),1,Carnot
662,Sweden,SRID=4326;POINT (12.25078 57.10557),1,Varberg
663,China,SRID=4326;POINT (113.08333 22.58333),1,Jiangmen
664,China,SRID=4326;POINT (106.71667 26.58333),1,Guiyang
665,Namibia,SRID=4326;POINT (17.08323 -22.55941),1,Windhoek
666,Norway,SRID=4326;POINT (10.65771 59.43403),1,Moss
667,United States,SRID=4326;POINT (-111.8841 40.59161),1,Sandy
668,China,SRID=4326;POINT (113.58333 24.8),1,Shaoguan
669,Brazil,SRID=4326;POINT (-34.88111 -8.053890000000001),1,Recife
670,Ivory Coast,SRID=4326;POINT (-5.27674 6.82055),1,Yamoussoukro
671,United States,SRID=4326;POINT (-74.11431 40.66871),1,Bayonne
672,India,SRID=4326;POINT (74.80555 34.08565),1,Srinagar
673,Italy,SRID=4326;POINT (9.0402 45.53245),1,Rho
674,United States,SRID=4326;POINT (-82.13066999999999 33.53375),1,Evans
675,New Zealand,SRID=4326;POINT (173.28404 -41.27078),1,Nelson
676,Bangladesh,SRID=4326;POINT (91.87197999999999 24.89904),1,Sylhet
677,Malaysia,SRID=4326;POINT (103.31689 2.03046),1,Kluang
678,Brazil,SRID=4326;POINT (-37.99833 -11.18389),1,Tobias Barreto
679,United Kingdom,SRID=4326;POINT (-0.20691 51.80174),1,Welwyn Garden City
680,Croatia,SRID=4326;POINT (15.24222 44.11972),1,Zadar
681,Saudi Arabia,SRID=4326;POINT (39.19797 21.54238),1,Jeddah
682,Mali,SRID=4326;POINT (-8 12.65),1,Bamako
